INDEX,PROVIDER_NAME,MONTH,BILLING_COMPL_PCT,NOTE_COMPL_PCT,DOCUMENTATION_COMPL_PCT
48,Alfredo Harrington,January,0.266,0.481,0.3735
148,Alfredo Harrington,February,0.703,0.005,0.354
248,Alfredo Harrington,March,0.546,0.219,0.3825
348,Alfredo Harrington,April,0.721,0.241,0.481
448,Alfredo Harrington,May,0.53,0.071,0.3005
548,Alfredo Harrington,June,0.578,0.517,0.5475
648,Alfredo Harrington,July,0.135,0.935,0.535
748,Alfredo Harrington,August,0.138,0.698,0.418
848,Alfredo Harrington,September,0.375,0.402,0.3885
948,Alfredo Harrington,October,0.768,0.491,0.6295
1048,Alfredo Harrington,November,0.904,0.531,0.7175
1148,Alfredo Harrington,December,0.076,0.88,0.478
44,Alice Haas,January,0.681,0.917,0.799
144,Alice Haas,February,0.456,0.367,0.4115
244,Alice Haas,March,0.448,0.736,0.592
344,Alice Haas,April,1,0.94,0.97
444,Alice Haas,May,0.713,0.625,0.669
544,Alice Haas,June,0.414,0.962,0.688
644,Alice Haas,July,0.952,0.003,0.4775
744,Alice Haas,August,0.632,0.628,0.63
844,Alice Haas,September,0.921,0.115,0.518
944,Alice Haas,October,0.915,0.427,0.671
1044,Alice Haas,November,0.516,0.288,0.402
1144,Alice Haas,December,0.13,0.676,0.403
45,Alison Cole,January,0.179,0.347,0.263
145,Alison Cole,February,0.288,0.107,0.1975
245,Alison Cole,March,0.276,0.826,0.551
345,Alison Cole,April,0.918,0.655,0.7865
445,Alison Cole,May,0.158,0.818,0.488
545,Alison Cole,June,0.396,0.143,0.2695
645,Alison Cole,July,0.386,0.223,0.3045
745,Alison Cole,August,0.897,0.467,0.682
845,Alison Cole,September,0.457,0.398,0.4275
945,Alison Cole,October,0.667,0.676,0.6715
1045,Alison Cole,November,0.903,0.247,0.575
1145,Alison Cole,December,0.609,0.17,0.3895
94,Allan Keenan,January,0.946,0.468,0.707
194,Allan Keenan,February,0.391,0.044,0.2175
294,Allan Keenan,March,0.341,0.33,0.3355
394,Allan Keenan,April,0.614,0.597,0.6055
494,Allan Keenan,May,0.284,0.057,0.1705
594,Allan Keenan,June,0.856,0.68,0.768
694,Allan Keenan,July,0.686,0.076,0.381
794,Allan Keenan,August,0.72,0.749,0.7345
894,Allan Keenan,September,0.923,0.918,0.9205
994,Allan Keenan,October,0.973,0.889,0.931
1094,Allan Keenan,November,0.797,0.556,0.6765
1194,Allan Keenan,December,0.505,0.184,0.3445
46,Andrea Cordova,January,0.993,0.242,0.6175
146,Andrea Cordova,February,0.48,0.562,0.521
246,Andrea Cordova,March,0.5,0.248,0.374
346,Andrea Cordova,April,0.629,0.753,0.691
446,Andrea Cordova,May,0.8,0.525,0.6625
546,Andrea Cordova,June,0.504,0.549,0.5265
646,Andrea Cordova,July,0.585,0.591,0.588
746,Andrea Cordova,August,0.536,0.943,0.7395
846,Andrea Cordova,September,0.082,0.736,0.409
946,Andrea Cordova,October,0.64,0.712,0.676
1046,Andrea Cordova,November,0.659,0.838,0.7485
1146,Andrea Cordova,December,0.828,0.377,0.6025
92,Annie Rodriguez,January,0.612,0.844,0.728
192,Annie Rodriguez,February,0.768,0.234,0.501
292,Annie Rodriguez,March,0.95,0.263,0.6065
392,Annie Rodriguez,April,0.949,0.077,0.513
492,Annie Rodriguez,May,0.34,0.698,0.519
592,Annie Rodriguez,June,0.198,0.598,0.398
692,Annie Rodriguez,July,0.652,0.371,0.5115
792,Annie Rodriguez,August,0.528,0.754,0.641
892,Annie Rodriguez,September,0.457,0.61,0.5335
992,Annie Rodriguez,October,0.74,0.186,0.463
1092,Annie Rodriguez,November,0.292,0.867,0.5795
1192,Annie Rodriguez,December,0.926,0.079,0.5025
87,Antoinette Colon,January,0.034,0.88,0.457
187,Antoinette Colon,February,0.709,0.593,0.651
287,Antoinette Colon,March,0.492,0.769,0.6305
387,Antoinette Colon,April,0.272,0.827,0.5495
487,Antoinette Colon,May,0.909,0.843,0.876
587,Antoinette Colon,June,0.724,0.519,0.6215
687,Antoinette Colon,July,0.622,0.712,0.667
787,Antoinette Colon,August,0.178,0.694,0.436
887,Antoinette Colon,September,0.881,0.895,0.888
987,Antoinette Colon,October,0.508,0.337,0.4225
1087,Antoinette Colon,November,0.958,0.048,0.503
1187,Antoinette Colon,December,0.478,0.571,0.5245
52,Antonio Hooper,January,0.601,0.896,0.7485
152,Antonio Hooper,February,0.008,0.644,0.326
252,Antonio Hooper,March,0.012,0.54,0.276
352,Antonio Hooper,April,0.312,0.805,0.5585
452,Antonio Hooper,May,0.995,0.352,0.6735
552,Antonio Hooper,June,0.645,0.84,0.7425
652,Antonio Hooper,July,0.508,0.235,0.3715
752,Antonio Hooper,August,0.281,0.295,0.288
852,Antonio Hooper,September,0.256,0.326,0.291
952,Antonio Hooper,October,0.68,0.859,0.7695
1052,Antonio Hooper,November,0.519,0.082,0.3005
1152,Antonio Hooper,December,0.335,0.342,0.3385
33,Becky Simmons,January,0.124,0.618,0.371
133,Becky Simmons,February,0.483,0.088,0.2855
233,Becky Simmons,March,0.126,0.149,0.1375
333,Becky Simmons,April,0.864,0.993,0.9285
433,Becky Simmons,May,0.089,0.412,0.2505
533,Becky Simmons,June,0.428,0.406,0.417
633,Becky Simmons,July,0.724,0.526,0.625
733,Becky Simmons,August,0.762,0.974,0.868
833,Becky Simmons,September,0.841,0.896,0.8685
933,Becky Simmons,October,0.287,0.442,0.3645
1033,Becky Simmons,November,0.368,0.208,0.288
1133,Becky Simmons,December,0.333,0.128,0.2305
20,Bernadette McDonald,January,0.801,0.644,0.7225
120,Bernadette McDonald,February,0.558,0.613,0.5855
220,Bernadette McDonald,March,0.027,0.706,0.3665
320,Bernadette McDonald,April,0.84,0.91,0.875
420,Bernadette McDonald,May,0.729,0.008,0.3685
520,Bernadette McDonald,June,0.645,0.077,0.361
620,Bernadette McDonald,July,0.727,0.456,0.5915
720,Bernadette McDonald,August,0.778,0.353,0.5655
820,Bernadette McDonald,September,0.526,0.696,0.611
920,Bernadette McDonald,October,0.191,0.714,0.4525
1020,Bernadette McDonald,November,0.993,0.597,0.795
1120,Bernadette McDonald,December,0.904,0.62,0.762
72,Bessie Platt,January,0.397,0.394,0.3955
172,Bessie Platt,February,0.74,0.106,0.423
272,Bessie Platt,March,0.145,0.315,0.23
372,Bessie Platt,April,0.215,0.313,0.264
472,Bessie Platt,May,0.656,0.569,0.6125
572,Bessie Platt,June,0.887,0.243,0.565
672,Bessie Platt,July,0.421,0.09,0.2555
772,Bessie Platt,August,0.953,0.878,0.9155
872,Bessie Platt,September,0.373,0.021,0.197
972,Bessie Platt,October,0.138,0.526,0.332
1072,Bessie Platt,November,0.04,0.151,0.0955
1172,Bessie Platt,December,0.981,0.531,0.756
58,Billie Eldridge,January,0.709,0.927,0.818
158,Billie Eldridge,February,0.874,0.467,0.6705
258,Billie Eldridge,March,0.486,0.442,0.464
358,Billie Eldridge,April,0.423,0.214,0.3185
458,Billie Eldridge,May,0.783,0.811,0.797
558,Billie Eldridge,June,0.155,0.861,0.508
658,Billie Eldridge,July,0.91,0.596,0.753
758,Billie Eldridge,August,0.038,0.989,0.5135
858,Billie Eldridge,September,0.069,0.391,0.23
958,Billie Eldridge,October,0.567,0.764,0.6655
1058,Billie Eldridge,November,0.085,0.087,0.086
1158,Billie Eldridge,December,0.304,0.857,0.5805
41,Bridget Carey,January,0.814,0.701,0.7575
141,Bridget Carey,February,0.479,0.364,0.4215
241,Bridget Carey,March,0.7,0.301,0.5005
341,Bridget Carey,April,0.138,0.881,0.5095
441,Bridget Carey,May,0.38,0.056,0.218
541,Bridget Carey,June,0.184,0.771,0.4775
641,Bridget Carey,July,0.977,0.702,0.8395
741,Bridget Carey,August,0.001,0.267,0.134
841,Bridget Carey,September,0.148,0.604,0.376
941,Bridget Carey,October,0.806,0.497,0.6515
1041,Bridget Carey,November,0.405,0.114,0.2595
1141,Bridget Carey,December,0.614,0.542,0.578
90,Brooke Irvin,January,0.51,0.086,0.298
190,Brooke Irvin,February,0.151,0.155,0.153
290,Brooke Irvin,March,0.25,0.564,0.407
390,Brooke Irvin,April,0.581,0.643,0.612
490,Brooke Irvin,May,0.364,0.515,0.4395
590,Brooke Irvin,June,0.233,0.092,0.1625
690,Brooke Irvin,July,0.854,0.709,0.7815
790,Brooke Irvin,August,0.995,0.19,0.5925
890,Brooke Irvin,September,0.558,0.345,0.4515
990,Brooke Irvin,October,0.663,0.977,0.82
1090,Brooke Irvin,November,0.434,0.252,0.343
1190,Brooke Irvin,December,0.605,0.128,0.3665
61,Cecil Murphy,January,0.958,0.481,0.7195
161,Cecil Murphy,February,0.808,0.563,0.6855
261,Cecil Murphy,March,0.581,0.372,0.4765
361,Cecil Murphy,April,0.079,0.772,0.4255
461,Cecil Murphy,May,0.633,0.61,0.6215
561,Cecil Murphy,June,0.911,0.619,0.765
661,Cecil Murphy,July,0.568,0.201,0.3845
761,Cecil Murphy,August,0.87,0.601,0.7355
861,Cecil Murphy,September,0.652,0.048,0.35
961,Cecil Murphy,October,0.249,0.274,0.2615
1061,Cecil Murphy,November,0.906,0.154,0.53
1161,Cecil Murphy,December,0.322,0.828,0.575
77,Cecilia Humphrey,January,0.899,0.77,0.8345
177,Cecilia Humphrey,February,0.44,0.032,0.236
277,Cecilia Humphrey,March,0.743,0.936,0.8395
377,Cecilia Humphrey,April,0.722,0.32,0.521
477,Cecilia Humphrey,May,0.484,0.803,0.6435
577,Cecilia Humphrey,June,0.323,0.256,0.2895
677,Cecilia Humphrey,July,0.041,0.018,0.0295
777,Cecilia Humphrey,August,0.053,0.436,0.2445
877,Cecilia Humphrey,September,0.42,0.767,0.5935
977,Cecilia Humphrey,October,0.449,0.407,0.428
1077,Cecilia Humphrey,November,0.3,0.806,0.553
1177,Cecilia Humphrey,December,0.414,0.176,0.295
39,Cheryl Fletcher,January,0.55,0.861,0.7055
139,Cheryl Fletcher,February,0.907,0.875,0.891
239,Cheryl Fletcher,March,0.169,0.681,0.425
339,Cheryl Fletcher,April,0.238,0.583,0.4105
439,Cheryl Fletcher,May,0.513,0.604,0.5585
539,Cheryl Fletcher,June,0.241,0.923,0.582
639,Cheryl Fletcher,July,0.156,0.498,0.327
739,Cheryl Fletcher,August,0.428,0.443,0.4355
839,Cheryl Fletcher,September,0.755,0.374,0.5645
939,Cheryl Fletcher,October,0.962,0.27,0.616
1039,Cheryl Fletcher,November,0.333,0.531,0.432
1139,Cheryl Fletcher,December,0.336,0.195,0.2655
21,Cindy Crane,January,0.597,0.564,0.5805
121,Cindy Crane,February,0.294,0.222,0.258
221,Cindy Crane,March,0.746,0.988,0.867
321,Cindy Crane,April,0.177,0.161,0.169
421,Cindy Crane,May,0.467,0.9,0.6835
521,Cindy Crane,June,0.621,0.868,0.7445
621,Cindy Crane,July,0.111,0.204,0.1575
721,Cindy Crane,August,0.01,0.886,0.448
821,Cindy Crane,September,0.709,0.349,0.529
921,Cindy Crane,October,0.226,0.646,0.436
1021,Cindy Crane,November,0.504,0.62,0.562
1121,Cindy Crane,December,0.197,0.038,0.1175
35,Claire Williams,January,0.486,0.447,0.4665
135,Claire Williams,February,0.227,0.767,0.497
235,Claire Williams,March,0.325,0.779,0.552
335,Claire Williams,April,0.652,0.889,0.7705
435,Claire Williams,May,0.378,0.108,0.243
535,Claire Williams,June,0.497,0.147,0.322
635,Claire Williams,July,0.042,0.649,0.3455
735,Claire Williams,August,0.737,0.672,0.7045
835,Claire Williams,September,0.766,0.236,0.501
935,Claire Williams,October,0.936,0.899,0.9175
1035,Claire Williams,November,0.428,0.949,0.6885
1135,Claire Williams,December,0.427,0.406,0.4165
99,Clara Barnes,January,0.659,0.682,0.6705
199,Clara Barnes,February,0.43,0.916,0.673
299,Clara Barnes,March,0.338,0.879,0.6085
399,Clara Barnes,April,0.107,0.242,0.1745
499,Clara Barnes,May,0.308,0.696,0.502
599,Clara Barnes,June,0.566,0.667,0.6165
699,Clara Barnes,July,0.441,0.42,0.4305
799,Clara Barnes,August,0.295,0.894,0.5945
899,Clara Barnes,September,0.564,0.684,0.624
999,Clara Barnes,October,0.969,0.59,0.7795
1099,Clara Barnes,November,0.339,0.569,0.454
1199,Clara Barnes,December,0.515,0.791,0.653
38,Clifton Navarro,January,0.178,0.34,0.259
138,Clifton Navarro,February,0.838,0.817,0.8275
238,Clifton Navarro,March,0.196,0.226,0.211
338,Clifton Navarro,April,0.045,0.732,0.3885
438,Clifton Navarro,May,0.705,0.05,0.3775
538,Clifton Navarro,June,0.917,0.681,0.799
638,Clifton Navarro,July,0.929,0.473,0.701
738,Clifton Navarro,August,0.63,0.003,0.3165
838,Clifton Navarro,September,0.3,0.701,0.5005
938,Clifton Navarro,October,0.795,0.87,0.8325
1038,Clifton Navarro,November,0.108,0.621,0.3645
1138,Clifton Navarro,December,0.844,0.715,0.7795
56,Constance Lamb,January,0.012,0.638,0.325
156,Constance Lamb,February,0.2,0.129,0.1645
256,Constance Lamb,March,0.731,0.419,0.575
356,Constance Lamb,April,0.934,0.672,0.803
456,Constance Lamb,May,0.96,0.412,0.686
556,Constance Lamb,June,0.33,0.299,0.3145
656,Constance Lamb,July,0.937,0.534,0.7355
756,Constance Lamb,August,0.246,0.24,0.243
856,Constance Lamb,September,0.111,0.863,0.487
956,Constance Lamb,October,0.553,0.304,0.4285
1056,Constance Lamb,November,0.959,0.587,0.773
1156,Constance Lamb,December,0.402,0.789,0.5955
49,Corey Gates,January,0.396,0.117,0.2565
149,Corey Gates,February,0.578,0.642,0.61
249,Corey Gates,March,0.577,0.716,0.6465
349,Corey Gates,April,0.542,0.619,0.5805
449,Corey Gates,May,0.085,0.853,0.469
549,Corey Gates,June,0.887,0.952,0.9195
649,Corey Gates,July,0.313,0.969,0.641
749,Corey Gates,August,0.45,0.431,0.4405
849,Corey Gates,September,0.37,0.011,0.1905
949,Corey Gates,October,0.249,0.834,0.5415
1049,Corey Gates,November,0.054,0.242,0.148
1149,Corey Gates,December,0.156,0.079,0.1175
43,Courtney Cain,January,0.526,0.238,0.382
143,Courtney Cain,February,0.111,0.017,0.064
243,Courtney Cain,March,0.103,0.852,0.4775
343,Courtney Cain,April,0.927,0.943,0.935
443,Courtney Cain,May,0.079,0.099,0.089
543,Courtney Cain,June,0.144,0.21,0.177
643,Courtney Cain,July,0.63,0.782,0.706
743,Courtney Cain,August,0.419,0.324,0.3715
843,Courtney Cain,September,0.159,0.675,0.417
943,Courtney Cain,October,0.5,0.252,0.376
1043,Courtney Cain,November,0.253,0.885,0.569
1143,Courtney Cain,December,0.33,0.19,0.26
17,Darryl Hopkins,January,0.904,0.92,0.912
117,Darryl Hopkins,February,0.2,0.537,0.3685
217,Darryl Hopkins,March,0.266,0.203,0.2345
317,Darryl Hopkins,April,0.679,0.988,0.8335
417,Darryl Hopkins,May,0.011,0.467,0.239
517,Darryl Hopkins,June,0.681,0.487,0.584
617,Darryl Hopkins,July,0.284,0.163,0.2235
717,Darryl Hopkins,August,0.018,0.387,0.2025
817,Darryl Hopkins,September,0.647,0.307,0.477
917,Darryl Hopkins,October,0.786,0.884,0.835
1017,Darryl Hopkins,November,0.65,0.292,0.471
1117,Darryl Hopkins,December,0.479,0.367,0.423
74,Darryl Pena,January,0.546,0.986,0.766
174,Darryl Pena,February,0.369,0.536,0.4525
274,Darryl Pena,March,0.355,0.625,0.49
374,Darryl Pena,April,0.067,0.156,0.1115
474,Darryl Pena,May,0.957,0.441,0.699
574,Darryl Pena,June,0.218,0.886,0.552
674,Darryl Pena,July,0.275,0.01,0.1425
774,Darryl Pena,August,0.099,0.333,0.216
874,Darryl Pena,September,0.926,0.427,0.6765
974,Darryl Pena,October,0.055,0.411,0.233
1074,Darryl Pena,November,0.871,0.002,0.4365
1174,Darryl Pena,December,0.067,0.475,0.271
23,Dawn Gardner,January,0.735,0.537,0.636
123,Dawn Gardner,February,0.016,0.696,0.356
223,Dawn Gardner,March,0.804,0.254,0.529
323,Dawn Gardner,April,0.131,0.849,0.49
423,Dawn Gardner,May,0.679,0.656,0.6675
523,Dawn Gardner,June,0.585,0.381,0.483
623,Dawn Gardner,July,0.539,0.249,0.394
723,Dawn Gardner,August,0.119,0.717,0.418
823,Dawn Gardner,September,0.535,0.086,0.3105
923,Dawn Gardner,October,0.114,0.177,0.1455
1023,Dawn Gardner,November,0.671,0.822,0.7465
1123,Dawn Gardner,December,0.721,0.273,0.497
4,Deborah Schwartz,January,0.2,0.38,0.29
104,Deborah Schwartz,February,0.82,0.245,0.5325
204,Deborah Schwartz,March,0.57,0.475,0.5225
304,Deborah Schwartz,April,0.607,0.941,0.774
404,Deborah Schwartz,May,0.209,0.878,0.5435
504,Deborah Schwartz,June,0.568,0.312,0.44
604,Deborah Schwartz,July,0.383,0.239,0.311
704,Deborah Schwartz,August,0.702,0.658,0.68
804,Deborah Schwartz,September,0.532,0.979,0.7555
904,Deborah Schwartz,October,0.66,0.874,0.767
1004,Deborah Schwartz,November,0.447,0.216,0.3315
1104,Deborah Schwartz,December,0.808,0.434,0.621
50,Delia Whitaker,January,0.123,0.191,0.157
150,Delia Whitaker,February,0.143,0.891,0.517
250,Delia Whitaker,March,0.088,0.026,0.057
350,Delia Whitaker,April,0.114,0.082,0.098
450,Delia Whitaker,May,0.24,0.404,0.322
550,Delia Whitaker,June,0.614,0.665,0.6395
650,Delia Whitaker,July,0.364,0.225,0.2945
750,Delia Whitaker,August,0.078,0.892,0.485
850,Delia Whitaker,September,0.939,0.047,0.493
950,Delia Whitaker,October,0.112,0.098,0.105
1050,Delia Whitaker,November,0.14,0.722,0.431
1150,Delia Whitaker,December,0.012,0.552,0.282
80,Desiree Gregg,January,0.336,0.636,0.486
180,Desiree Gregg,February,0.49,0.618,0.554
280,Desiree Gregg,March,0.362,0.168,0.265
380,Desiree Gregg,April,0.238,0.363,0.3005
480,Desiree Gregg,May,0.097,0.928,0.5125
580,Desiree Gregg,June,0.337,0.968,0.6525
680,Desiree Gregg,July,0.579,0.693,0.636
780,Desiree Gregg,August,0.699,0.27,0.4845
880,Desiree Gregg,September,0.476,0.338,0.407
980,Desiree Gregg,October,0.871,0.096,0.4835
1080,Desiree Gregg,November,0.538,0.355,0.4465
1180,Desiree Gregg,December,0.787,0.787,0.787
70,Dustin Webster,January,0.749,0.628,0.6885
170,Dustin Webster,February,0.233,0.416,0.3245
270,Dustin Webster,March,0.773,0.501,0.637
370,Dustin Webster,April,0.321,0.91,0.6155
470,Dustin Webster,May,0.22,0.746,0.483
570,Dustin Webster,June,0.994,0.915,0.9545
670,Dustin Webster,July,0.368,0.098,0.233
770,Dustin Webster,August,0.333,0.352,0.3425
870,Dustin Webster,September,0.363,0.645,0.504
970,Dustin Webster,October,0.266,0.964,0.615
1070,Dustin Webster,November,0.518,0.19,0.354
1170,Dustin Webster,December,0.621,0.526,0.5735
95,Dwight McCullough,January,0.679,0.419,0.549
195,Dwight McCullough,February,0.629,0.099,0.364
295,Dwight McCullough,March,0.375,0.551,0.463
395,Dwight McCullough,April,0.743,0.89,0.8165
495,Dwight McCullough,May,0.257,0.203,0.23
595,Dwight McCullough,June,0.204,0.471,0.3375
695,Dwight McCullough,July,0.019,0.92,0.4695
795,Dwight McCullough,August,0.929,0.945,0.937
895,Dwight McCullough,September,0.596,0.588,0.592
995,Dwight McCullough,October,0.548,0.962,0.755
1095,Dwight McCullough,November,0.397,0.714,0.5555
1195,Dwight McCullough,December,0.24,0.183,0.2115
36,Earl Haas,January,0.869,0.145,0.507
136,Earl Haas,February,0.866,0.257,0.5615
236,Earl Haas,March,0.323,0.998,0.6605
336,Earl Haas,April,0.084,0.98,0.532
436,Earl Haas,May,0.508,0.754,0.631
536,Earl Haas,June,0.404,0.695,0.5495
636,Earl Haas,July,0.862,0.116,0.489
736,Earl Haas,August,0.828,0.206,0.517
836,Earl Haas,September,0.742,0.736,0.739
936,Earl Haas,October,0.096,0.004,0.05
1036,Earl Haas,November,0.381,0.301,0.341
1136,Earl Haas,December,0.492,0.373,0.4325
59,Eileen Rivas,January,0.279,0.713,0.496
159,Eileen Rivas,February,0.392,0.545,0.4685
259,Eileen Rivas,March,0.725,0.427,0.576
359,Eileen Rivas,April,0.717,0.367,0.542
459,Eileen Rivas,May,0.625,0.394,0.5095
559,Eileen Rivas,June,0.928,0.298,0.613
659,Eileen Rivas,July,0.139,0.606,0.3725
759,Eileen Rivas,August,0.219,0.051,0.135
859,Eileen Rivas,September,0.684,0.594,0.639
959,Eileen Rivas,October,0.322,0.889,0.6055
1059,Eileen Rivas,November,0.442,0.002,0.222
1159,Eileen Rivas,December,0.743,0.213,0.478
2,Elizabeth Paul,January,0.69,0.196,0.443
102,Elizabeth Paul,February,0.828,0.497,0.6625
202,Elizabeth Paul,March,0.135,0.583,0.359
302,Elizabeth Paul,April,0.85,0.359,0.6045
402,Elizabeth Paul,May,0.412,0.517,0.4645
502,Elizabeth Paul,June,0.075,0.944,0.5095
602,Elizabeth Paul,July,0.476,0.779,0.6275
702,Elizabeth Paul,August,0.533,0.187,0.36
802,Elizabeth Paul,September,0.409,0.033,0.221
902,Elizabeth Paul,October,0.755,0.441,0.598
1002,Elizabeth Paul,November,0.506,0.062,0.284
1102,Elizabeth Paul,December,0.991,0.47,0.7305
82,Ella McCann,January,0.461,0.75,0.6055
182,Ella McCann,February,0.138,0.978,0.558
282,Ella McCann,March,0.487,0.897,0.692
382,Ella McCann,April,0.476,0.017,0.2465
482,Ella McCann,May,0.483,0.832,0.6575
582,Ella McCann,June,0.807,0.861,0.834
682,Ella McCann,July,0.207,0.62,0.4135
782,Ella McCann,August,0.635,0.076,0.3555
882,Ella McCann,September,0.01,0.146,0.078
982,Ella McCann,October,0.018,0.379,0.1985
1082,Ella McCann,November,0.191,0.812,0.5015
1182,Ella McCann,December,0.42,0.989,0.7045
28,Elsie Bates,January,0.185,0.787,0.486
128,Elsie Bates,February,0.833,0.239,0.536
228,Elsie Bates,March,0.023,0.755,0.389
328,Elsie Bates,April,0.352,0.769,0.5605
428,Elsie Bates,May,0.734,0.452,0.593
528,Elsie Bates,June,0.527,0.982,0.7545
628,Elsie Bates,July,0.544,0.579,0.5615
728,Elsie Bates,August,0.605,0.538,0.5715
828,Elsie Bates,September,0.394,0.028,0.211
928,Elsie Bates,October,0.511,0.691,0.601
1028,Elsie Bates,November,0.271,0.91,0.5905
1128,Elsie Bates,December,0.74,0.747,0.7435
64,Erica Dickinson,January,0.503,0.126,0.3145
164,Erica Dickinson,February,0.602,0.994,0.798
264,Erica Dickinson,March,0.983,0.542,0.7625
364,Erica Dickinson,April,0.013,0.164,0.0885
464,Erica Dickinson,May,0.45,0.467,0.4585
564,Erica Dickinson,June,0.893,0.655,0.774
664,Erica Dickinson,July,0.717,0.559,0.638
764,Erica Dickinson,August,0.834,0.639,0.7365
864,Erica Dickinson,September,0.992,0.511,0.7515
964,Erica Dickinson,October,0.715,0.764,0.7395
1064,Erica Dickinson,November,0.224,0.612,0.418
1164,Erica Dickinson,December,0.225,0.287,0.256
57,Everett Barr,January,0.012,0.697,0.3545
157,Everett Barr,February,0.514,0.57,0.542
257,Everett Barr,March,0.241,0.747,0.494
357,Everett Barr,April,0.209,0.787,0.498
457,Everett Barr,May,0.456,0.782,0.619
557,Everett Barr,June,0.927,0.166,0.5465
657,Everett Barr,July,0.615,0.349,0.482
757,Everett Barr,August,0.69,0.019,0.3545
857,Everett Barr,September,0.013,0.572,0.2925
957,Everett Barr,October,0.233,0.866,0.5495
1057,Everett Barr,November,0.501,0.021,0.261
1157,Everett Barr,December,0.21,0.032,0.121
73,Flora Hagan,January,0.693,0.995,0.844
173,Flora Hagan,February,0.443,0.542,0.4925
273,Flora Hagan,March,0.69,0.348,0.519
373,Flora Hagan,April,0.963,0.457,0.71
473,Flora Hagan,May,0.491,0.256,0.3735
573,Flora Hagan,June,0.769,0.052,0.4105
673,Flora Hagan,July,0.2,0.888,0.544
773,Flora Hagan,August,0.57,0.329,0.4495
873,Flora Hagan,September,0.664,0.611,0.6375
973,Flora Hagan,October,0.25,0.962,0.606
1073,Flora Hagan,November,0.725,0.739,0.732
1173,Flora Hagan,December,0.471,0.355,0.413
1,Francis Davis,January,0.543,0.503,0.523
101,Francis Davis,February,0.836,0.853,0.8445
201,Francis Davis,March,0.445,0.775,0.61
301,Francis Davis,April,0.016,0.628,0.322
401,Francis Davis,May,0.316,0.216,0.266
501,Francis Davis,June,0.751,0.657,0.704
601,Francis Davis,July,0.969,0.298,0.6335
701,Francis Davis,August,0.777,0.949,0.863
801,Francis Davis,September,0.825,0.302,0.5635
901,Francis Davis,October,0.465,0.487,0.476
1001,Francis Davis,November,0.388,0.948,0.668
1101,Francis Davis,December,0.337,0.501,0.419
24,Gabriel Goodman,January,0.165,0.945,0.555
124,Gabriel Goodman,February,0.738,0.242,0.49
224,Gabriel Goodman,March,0.417,0.914,0.6655
324,Gabriel Goodman,April,0.234,0.624,0.429
424,Gabriel Goodman,May,0.609,0.66,0.6345
524,Gabriel Goodman,June,0.404,0.895,0.6495
624,Gabriel Goodman,July,0.013,0.593,0.303
724,Gabriel Goodman,August,0.693,0.232,0.4625
824,Gabriel Goodman,September,0.822,0.059,0.4405
924,Gabriel Goodman,October,0.563,0.614,0.5885
1024,Gabriel Goodman,November,0.862,0.075,0.4685
1124,Gabriel Goodman,December,0.604,0.775,0.6895
30,Gail Henson,January,0.755,0.465,0.61
130,Gail Henson,February,0.187,0.878,0.5325
230,Gail Henson,March,0.329,0.627,0.478
330,Gail Henson,April,0.422,0.069,0.2455
430,Gail Henson,May,0.347,0.078,0.2125
530,Gail Henson,June,0.783,0.145,0.464
630,Gail Henson,July,0.772,0.664,0.718
730,Gail Henson,August,0.28,0.429,0.3545
830,Gail Henson,September,0.871,0.571,0.721
930,Gail Henson,October,0.215,0.56,0.3875
1030,Gail Henson,November,0.915,0.559,0.737
1130,Gail Henson,December,0.413,0.02,0.2165
13,Glen Rice,January,0.848,0.159,0.5035
113,Glen Rice,February,0.462,0.873,0.6675
213,Glen Rice,March,0.413,0.909,0.661
313,Glen Rice,April,0.642,0.907,0.7745
413,Glen Rice,May,0.861,0.208,0.5345
513,Glen Rice,June,0.301,0.623,0.462
613,Glen Rice,July,0.564,0.948,0.756
713,Glen Rice,August,0.197,0.786,0.4915
813,Glen Rice,September,0.648,0.177,0.4125
913,Glen Rice,October,0.35,0.453,0.4015
1013,Glen Rice,November,0.45,0.976,0.713
1113,Glen Rice,December,0.676,0.669,0.6725
54,Guy Graves,January,0.434,0.872,0.653
154,Guy Graves,February,0.145,0.078,0.1115
254,Guy Graves,March,0.267,0.117,0.192
354,Guy Graves,April,0.409,0.965,0.687
454,Guy Graves,May,0.932,0.789,0.8605
554,Guy Graves,June,0.689,0.638,0.6635
654,Guy Graves,July,0.518,0.982,0.75
754,Guy Graves,August,0.622,0.093,0.3575
854,Guy Graves,September,0.546,0.098,0.322
954,Guy Graves,October,0.56,0.692,0.626
1054,Guy Graves,November,0.994,0.096,0.545
1154,Guy Graves,December,0.133,0.191,0.162
14,Howard Randolph,January,0.891,0.698,0.7945
114,Howard Randolph,February,0.104,0.975,0.5395
214,Howard Randolph,March,0.664,0.866,0.765
314,Howard Randolph,April,0.578,0.333,0.4555
414,Howard Randolph,May,0.603,0.009,0.306
514,Howard Randolph,June,0.554,0.47,0.512
614,Howard Randolph,July,0.254,0.379,0.3165
714,Howard Randolph,August,0.577,0.883,0.73
814,Howard Randolph,September,0.196,0.875,0.5355
914,Howard Randolph,October,0.955,0.506,0.7305
1014,Howard Randolph,November,0.759,0.327,0.543
1114,Howard Randolph,December,0.214,0.534,0.374
76,Ignacio Griffin,January,0.823,0.525,0.674
176,Ignacio Griffin,February,0.128,0.737,0.4325
276,Ignacio Griffin,March,0.836,0.058,0.447
376,Ignacio Griffin,April,0.549,0.166,0.3575
476,Ignacio Griffin,May,0.394,0.943,0.6685
576,Ignacio Griffin,June,0.273,0.483,0.378
676,Ignacio Griffin,July,0.164,0.659,0.4115
776,Ignacio Griffin,August,0.258,0.726,0.492
876,Ignacio Griffin,September,0.154,0.72,0.437
976,Ignacio Griffin,October,0.897,0.99,0.9435
1076,Ignacio Griffin,November,0.326,0.232,0.279
1176,Ignacio Griffin,December,0.625,0.821,0.723
71,Ivan Steele,January,0.747,0.773,0.76
171,Ivan Steele,February,0.212,0.924,0.568
271,Ivan Steele,March,0.379,0.532,0.4555
371,Ivan Steele,April,0.195,0.211,0.203
471,Ivan Steele,May,0.204,0.385,0.2945
571,Ivan Steele,June,0.667,0.994,0.8305
671,Ivan Steele,July,0.839,0.06,0.4495
771,Ivan Steele,August,0.744,0.336,0.54
871,Ivan Steele,September,0.549,0.38,0.4645
971,Ivan Steele,October,0.186,0.07,0.128
1071,Ivan Steele,November,0.174,0.286,0.23
1171,Ivan Steele,December,0.767,0.385,0.576
89,Jan Sexton,January,0.415,0.324,0.3695
189,Jan Sexton,February,0.956,0.587,0.7715
289,Jan Sexton,March,0.396,0.553,0.4745
389,Jan Sexton,April,0.027,0.624,0.3255
489,Jan Sexton,May,0.447,0.856,0.6515
589,Jan Sexton,June,0.658,0.098,0.378
689,Jan Sexton,July,0.889,0.289,0.589
789,Jan Sexton,August,0.476,0.951,0.7135
889,Jan Sexton,September,0.208,0.628,0.418
989,Jan Sexton,October,0.005,0.615,0.31
1089,Jan Sexton,November,0.279,0.574,0.4265
1189,Jan Sexton,December,0.834,0.19,0.512
85,Janet Salazar,January,0.092,0.201,0.1465
185,Janet Salazar,February,0.733,0.671,0.702
285,Janet Salazar,March,0.927,0.15,0.5385
385,Janet Salazar,April,0.681,0.784,0.7325
485,Janet Salazar,May,0.499,0.279,0.389
585,Janet Salazar,June,0.001,0.147,0.074
685,Janet Salazar,July,0.349,0.179,0.264
785,Janet Salazar,August,0.22,0.437,0.3285
885,Janet Salazar,September,0.574,0.85,0.712
985,Janet Salazar,October,0.041,0.252,0.1465
1085,Janet Salazar,November,0.381,0.962,0.6715
1185,Janet Salazar,December,0.383,0.803,0.593
25,Jayne Barker,January,0.642,0.739,0.6905
125,Jayne Barker,February,0.973,0.698,0.8355
225,Jayne Barker,March,0.733,0.621,0.677
325,Jayne Barker,April,0.129,0.68,0.4045
425,Jayne Barker,May,0.855,0.365,0.61
525,Jayne Barker,June,0.457,0.75,0.6035
625,Jayne Barker,July,0.199,0.212,0.2055
725,Jayne Barker,August,0.412,0.691,0.5515
825,Jayne Barker,September,0.929,0.885,0.907
925,Jayne Barker,October,0.857,0.117,0.487
1025,Jayne Barker,November,0.602,0.049,0.3255
1125,Jayne Barker,December,0.468,0.013,0.2405
26,Jimmy Cornell,January,0.877,0.182,0.5295
126,Jimmy Cornell,February,0.361,0.497,0.429
226,Jimmy Cornell,March,0.257,0.012,0.1345
326,Jimmy Cornell,April,0.264,0.081,0.1725
426,Jimmy Cornell,May,0.107,0.854,0.4805
526,Jimmy Cornell,June,0.141,0.572,0.3565
626,Jimmy Cornell,July,0.789,0.812,0.8005
726,Jimmy Cornell,August,0.866,0.427,0.6465
826,Jimmy Cornell,September,0.443,0.786,0.6145
926,Jimmy Cornell,October,0.996,0.328,0.662
1026,Jimmy Cornell,November,0.199,0.757,0.478
1126,Jimmy Cornell,December,0.121,0.693,0.407
7,Johanna Piper,January,0.611,0.04,0.3255
107,Johanna Piper,February,0.633,0.812,0.7225
207,Johanna Piper,March,0.505,0.299,0.402
307,Johanna Piper,April,0.3,0.193,0.2465
407,Johanna Piper,May,0.222,0.469,0.3455
507,Johanna Piper,June,0.209,0.202,0.2055
607,Johanna Piper,July,0.597,0.893,0.745
707,Johanna Piper,August,0.9,0.836,0.868
807,Johanna Piper,September,0.443,0.205,0.324
907,Johanna Piper,October,0.896,0.136,0.516
1007,Johanna Piper,November,0.314,0.566,0.44
1107,Johanna Piper,December,0.106,0.51,0.308
86,Josh Peters,January,0.832,0.212,0.522
186,Josh Peters,February,0.897,0.5,0.6985
286,Josh Peters,March,0.232,0.415,0.3235
386,Josh Peters,April,0.104,0.195,0.1495
486,Josh Peters,May,0.939,0.813,0.876
586,Josh Peters,June,0.309,0.201,0.255
686,Josh Peters,July,0.408,0.731,0.5695
786,Josh Peters,August,0.551,0.625,0.588
886,Josh Peters,September,0.682,0.904,0.793
986,Josh Peters,October,0.935,0.492,0.7135
1086,Josh Peters,November,0.712,0.02,0.366
1186,Josh Peters,December,0.167,0.207,0.187
18,Karin Byers,January,0.365,0.323,0.344
118,Karin Byers,February,0.785,0.274,0.5295
218,Karin Byers,March,0.188,0.62,0.404
318,Karin Byers,April,0.352,0.424,0.388
418,Karin Byers,May,0.507,0.58,0.5435
518,Karin Byers,June,0.435,0.164,0.2995
618,Karin Byers,July,0.016,0.015,0.0155
718,Karin Byers,August,0.571,0.648,0.6095
818,Karin Byers,September,0.363,0.369,0.366
918,Karin Byers,October,0.967,0.057,0.512
1018,Karin Byers,November,0.725,0.587,0.656
1118,Karin Byers,December,0.912,0.206,0.559
63,Keith Navarro,January,0.127,0.677,0.402
163,Keith Navarro,February,0.706,0.094,0.4
263,Keith Navarro,March,0.147,0.659,0.403
363,Keith Navarro,April,0.762,0.688,0.725
463,Keith Navarro,May,0.821,0.53,0.6755
563,Keith Navarro,June,0.195,0.304,0.2495
663,Keith Navarro,July,0.2,0.667,0.4335
763,Keith Navarro,August,0.804,0.986,0.895
863,Keith Navarro,September,0.193,0.31,0.2515
963,Keith Navarro,October,0.638,0.594,0.616
1063,Keith Navarro,November,0.81,0.447,0.6285
1163,Keith Navarro,December,0.753,0.638,0.6955
66,Kerri Kent,January,0.079,0.981,0.53
166,Kerri Kent,February,0.594,0.133,0.3635
266,Kerri Kent,March,0.682,0.616,0.649
366,Kerri Kent,April,0.19,0.69,0.44
466,Kerri Kent,May,0.444,0.418,0.431
566,Kerri Kent,June,0.741,0.613,0.677
666,Kerri Kent,July,0.413,0.835,0.624
766,Kerri Kent,August,0.818,0.215,0.5165
866,Kerri Kent,September,0.809,0.538,0.6735
966,Kerri Kent,October,0.296,0.048,0.172
1066,Kerri Kent,November,0.118,0.075,0.0965
1166,Kerri Kent,December,0.829,0.526,0.6775
81,Kirsten Dodge,January,0.301,0.423,0.362
181,Kirsten Dodge,February,0.588,0.288,0.438
281,Kirsten Dodge,March,0.59,0.647,0.6185
381,Kirsten Dodge,April,0.795,0.943,0.869
481,Kirsten Dodge,May,0.993,0.044,0.5185
581,Kirsten Dodge,June,0.277,0.379,0.328
681,Kirsten Dodge,July,0.489,0.817,0.653
781,Kirsten Dodge,August,0.395,0.215,0.305
881,Kirsten Dodge,September,0.461,0.317,0.389
981,Kirsten Dodge,October,0.957,0.516,0.7365
1081,Kirsten Dodge,November,0.7,0.56,0.63
1181,Kirsten Dodge,December,0.093,0.846,0.4695
96,Larry Thomson,January,0.846,0.52,0.683
196,Larry Thomson,February,0.141,0.801,0.471
296,Larry Thomson,March,0.081,0.197,0.139
396,Larry Thomson,April,0.14,0.578,0.359
496,Larry Thomson,May,0.179,0.413,0.296
596,Larry Thomson,June,0.581,0.311,0.446
696,Larry Thomson,July,0.75,0.326,0.538
796,Larry Thomson,August,0.846,0.106,0.476
896,Larry Thomson,September,0.782,0.155,0.4685
996,Larry Thomson,October,0.154,0.015,0.0845
1096,Larry Thomson,November,0.335,0.282,0.3085
1196,Larry Thomson,December,0.008,0.461,0.2345
75,Laurel Weaver,January,0.942,0.94,0.941
175,Laurel Weaver,February,0.522,0.104,0.313
275,Laurel Weaver,March,0.079,0.876,0.4775
375,Laurel Weaver,April,0.31,0.439,0.3745
475,Laurel Weaver,May,0.197,0.546,0.3715
575,Laurel Weaver,June,0.009,0.628,0.3185
675,Laurel Weaver,July,0.981,0.061,0.521
775,Laurel Weaver,August,0.244,0.875,0.5595
875,Laurel Weaver,September,0.491,0.983,0.737
975,Laurel Weaver,October,0.544,0.632,0.588
1075,Laurel Weaver,November,0.678,0.488,0.583
1175,Laurel Weaver,December,0.385,0.77,0.5775
60,Laverne Sheridan,January,0.364,0.193,0.2785
160,Laverne Sheridan,February,0.52,0.541,0.5305
260,Laverne Sheridan,March,0.885,0.326,0.6055
360,Laverne Sheridan,April,0.299,0.236,0.2675
460,Laverne Sheridan,May,0.699,0.267,0.483
560,Laverne Sheridan,June,0.683,0.15,0.4165
660,Laverne Sheridan,July,0.553,0.787,0.67
760,Laverne Sheridan,August,0.128,0.115,0.1215
860,Laverne Sheridan,September,0.477,0.207,0.342
960,Laverne Sheridan,October,0.298,0.33,0.314
1060,Laverne Sheridan,November,0.151,0.862,0.5065
1160,Laverne Sheridan,December,0.684,0.734,0.709
22,Lena Dorsey,January,0.862,0.804,0.833
122,Lena Dorsey,February,0.24,0.682,0.461
222,Lena Dorsey,March,0.73,0.05,0.39
322,Lena Dorsey,April,0.923,0.591,0.757
422,Lena Dorsey,May,0.519,0.9,0.7095
522,Lena Dorsey,June,0.124,0.391,0.2575
622,Lena Dorsey,July,0.836,0.968,0.902
722,Lena Dorsey,August,0.525,0.556,0.5405
822,Lena Dorsey,September,0.987,0.108,0.5475
922,Lena Dorsey,October,0.478,0.915,0.6965
1022,Lena Dorsey,November,0.308,0.958,0.633
1122,Lena Dorsey,December,0.193,0.634,0.4135
42,Leo Haney,January,0.126,0.929,0.5275
142,Leo Haney,February,0.047,0.402,0.2245
242,Leo Haney,March,0.009,0.418,0.2135
342,Leo Haney,April,0.28,0.207,0.2435
442,Leo Haney,May,0.252,0.936,0.594
542,Leo Haney,June,0.905,0.441,0.673
642,Leo Haney,July,0.829,0.072,0.4505
742,Leo Haney,August,0.988,0.598,0.793
842,Leo Haney,September,0.746,0.543,0.6445
942,Leo Haney,October,0.171,0.516,0.3435
1042,Leo Haney,November,0.806,0.876,0.841
1142,Leo Haney,December,0.908,0.748,0.828
67,Lola Cowan,January,0.889,0.33,0.6095
167,Lola Cowan,February,0.854,0.912,0.883
267,Lola Cowan,March,0.037,0.191,0.114
367,Lola Cowan,April,0.914,0.35,0.632
467,Lola Cowan,May,0.406,0.617,0.5115
567,Lola Cowan,June,0.849,0.963,0.906
667,Lola Cowan,July,0.74,0.804,0.772
767,Lola Cowan,August,0.718,0.537,0.6275
867,Lola Cowan,September,0.148,0.702,0.425
967,Lola Cowan,October,0.313,0.238,0.2755
1067,Lola Cowan,November,0.423,0.729,0.576
1167,Lola Cowan,December,0.139,0.68,0.4095
97,Louise Joyce,January,0.545,0.08,0.3125
197,Louise Joyce,February,0.96,0.694,0.827
297,Louise Joyce,March,0.912,0.964,0.938
397,Louise Joyce,April,0.914,0.796,0.855
497,Louise Joyce,May,0.093,0.97,0.5315
597,Louise Joyce,June,0.297,0.451,0.374
697,Louise Joyce,July,0.727,0.45,0.5885
797,Louise Joyce,August,0.509,0.546,0.5275
897,Louise Joyce,September,0.707,0.718,0.7125
997,Louise Joyce,October,0.184,0.254,0.219
1097,Louise Joyce,November,0.867,0.007,0.437
1197,Louise Joyce,December,0.62,0.914,0.767
37,Luke Cobb,January,0.725,0.211,0.468
137,Luke Cobb,February,0.896,0.955,0.9255
237,Luke Cobb,March,0.639,0.288,0.4635
337,Luke Cobb,April,0.265,0.893,0.579
437,Luke Cobb,May,0.453,0.874,0.6635
537,Luke Cobb,June,0.809,0.094,0.4515
637,Luke Cobb,July,0.147,0.862,0.5045
737,Luke Cobb,August,0.306,0.733,0.5195
837,Luke Cobb,September,0.3,0.953,0.6265
937,Luke Cobb,October,1,0.108,0.554
1037,Luke Cobb,November,0.716,0.295,0.5055
1137,Luke Cobb,December,0.336,0.503,0.4195
16,Lupe Glenn,January,0.152,0.872,0.512
116,Lupe Glenn,February,0.718,0.428,0.573
216,Lupe Glenn,March,0.198,0.157,0.1775
316,Lupe Glenn,April,0.696,0.459,0.5775
416,Lupe Glenn,May,0.98,0.035,0.5075
516,Lupe Glenn,June,0.458,0.035,0.2465
616,Lupe Glenn,July,0.566,0.858,0.712
716,Lupe Glenn,August,0.894,0.765,0.8295
816,Lupe Glenn,September,0.944,0.927,0.9355
916,Lupe Glenn,October,0.818,0.551,0.6845
1016,Lupe Glenn,November,0.869,0.875,0.872
1116,Lupe Glenn,December,0.005,0.948,0.4765
53,Lyle Floyd,January,0.068,0.22,0.144
153,Lyle Floyd,February,0.186,0.75,0.468
253,Lyle Floyd,March,0.531,0.204,0.3675
353,Lyle Floyd,April,0.585,0.308,0.4465
453,Lyle Floyd,May,0.007,0.517,0.262
553,Lyle Floyd,June,0.544,0.602,0.573
653,Lyle Floyd,July,0.987,0.514,0.7505
753,Lyle Floyd,August,0.764,0.146,0.455
853,Lyle Floyd,September,0.824,0.279,0.5515
953,Lyle Floyd,October,0.664,0.646,0.655
1053,Lyle Floyd,November,0.594,0.203,0.3985
1153,Lyle Floyd,December,0.549,0.776,0.6625
15,Marian Terry,January,0.352,0.947,0.6495
115,Marian Terry,February,0.349,0.725,0.537
215,Marian Terry,March,0.541,0.055,0.298
315,Marian Terry,April,0.06,0.347,0.2035
415,Marian Terry,May,0.084,0.748,0.416
515,Marian Terry,June,0.176,0.89,0.533
615,Marian Terry,July,0.397,0.257,0.327
715,Marian Terry,August,0.071,0.128,0.0995
815,Marian Terry,September,0.146,0.735,0.4405
915,Marian Terry,October,0.847,0.42,0.6335
1015,Marian Terry,November,0.907,0.379,0.643
1115,Marian Terry,December,0.65,0.376,0.513
51,Marie Willis,January,0.393,0.856,0.6245
151,Marie Willis,February,0.892,0.079,0.4855
251,Marie Willis,March,0.695,0.213,0.454
351,Marie Willis,April,0.739,0.734,0.7365
451,Marie Willis,May,0.133,0.058,0.0955
551,Marie Willis,June,0.137,0.859,0.498
651,Marie Willis,July,0.944,0.38,0.662
751,Marie Willis,August,0.691,0.326,0.5085
851,Marie Willis,September,0.229,0.107,0.168
951,Marie Willis,October,0.357,0.695,0.526
1051,Marie Willis,November,0.76,0.133,0.4465
1151,Marie Willis,December,0.573,0.942,0.7575
10,Marty Eastman,January,0.526,0.555,0.5405
110,Marty Eastman,February,0.324,0.679,0.5015
210,Marty Eastman,March,0.75,0.561,0.6555
310,Marty Eastman,April,0.991,0.047,0.519
410,Marty Eastman,May,0.372,0.551,0.4615
510,Marty Eastman,June,0.395,0.653,0.524
610,Marty Eastman,July,0.849,0.655,0.752
710,Marty Eastman,August,0.572,0.142,0.357
810,Marty Eastman,September,0.246,0.373,0.3095
910,Marty Eastman,October,0.214,0.085,0.1495
1010,Marty Eastman,November,0.29,0.09,0.19
1110,Marty Eastman,December,0.831,0.138,0.4845
47,Melvin Lockwood,January,0.751,0.842,0.7965
147,Melvin Lockwood,February,0.784,0.839,0.8115
247,Melvin Lockwood,March,0.422,0.902,0.662
347,Melvin Lockwood,April,0.072,0.699,0.3855
447,Melvin Lockwood,May,0.424,0.516,0.47
547,Melvin Lockwood,June,0.101,0.448,0.2745
647,Melvin Lockwood,July,0.572,0.024,0.298
747,Melvin Lockwood,August,0.064,0.983,0.5235
847,Melvin Lockwood,September,0.241,0.582,0.4115
947,Melvin Lockwood,October,0.422,0.515,0.4685
1047,Melvin Lockwood,November,0.674,0.456,0.565
1147,Melvin Lockwood,December,0.333,0.805,0.569
3,Mercedes McIntyre,January,0.34,0.951,0.6455
103,Mercedes McIntyre,February,0.435,0.086,0.2605
203,Mercedes McIntyre,March,0.691,0.015,0.353
303,Mercedes McIntyre,April,0.446,0.08,0.263
403,Mercedes McIntyre,May,0.612,0.703,0.6575
503,Mercedes McIntyre,June,0.725,0.649,0.687
603,Mercedes McIntyre,July,0.475,0.92,0.6975
703,Mercedes McIntyre,August,0.59,0.502,0.546
803,Mercedes McIntyre,September,0.536,0.279,0.4075
903,Mercedes McIntyre,October,0.803,0.25,0.5265
1003,Mercedes McIntyre,November,0.189,0.892,0.5405
1103,Mercedes McIntyre,December,0.804,0.055,0.4295
32,Olga Law,January,0.739,0.295,0.517
132,Olga Law,February,0.401,0.251,0.326
232,Olga Law,March,0.766,0.844,0.805
332,Olga Law,April,0.521,0.888,0.7045
432,Olga Law,May,0.865,0.711,0.788
532,Olga Law,June,0.538,0.913,0.7255
632,Olga Law,July,0.645,0.737,0.691
732,Olga Law,August,0.27,0.449,0.3595
832,Olga Law,September,0.19,0.461,0.3255
932,Olga Law,October,0.464,0.502,0.483
1032,Olga Law,November,0.626,0.148,0.387
1132,Olga Law,December,0.489,0.335,0.412
84,Omar Donovan,January,0.381,0.59,0.4855
184,Omar Donovan,February,0.096,0.167,0.1315
284,Omar Donovan,March,0.727,0.497,0.612
384,Omar Donovan,April,0.114,0.413,0.2635
484,Omar Donovan,May,0.769,0.927,0.848
584,Omar Donovan,June,0.492,0.819,0.6555
684,Omar Donovan,July,0.136,0.032,0.084
784,Omar Donovan,August,0.391,0.775,0.583
884,Omar Donovan,September,0.604,0.115,0.3595
984,Omar Donovan,October,0.034,0.738,0.386
1084,Omar Donovan,November,0.182,0.872,0.527
1184,Omar Donovan,December,0.351,0.068,0.2095
78,Pablo Bruce,January,0.156,0.168,0.162
178,Pablo Bruce,February,0.127,0.628,0.3775
278,Pablo Bruce,March,0.501,0.221,0.361
378,Pablo Bruce,April,0.703,0.46,0.5815
478,Pablo Bruce,May,0.984,0.786,0.885
578,Pablo Bruce,June,0.006,0.837,0.4215
678,Pablo Bruce,July,0.598,0.333,0.4655
778,Pablo Bruce,August,0.477,0.193,0.335
878,Pablo Bruce,September,0.707,0.082,0.3945
978,Pablo Bruce,October,0.972,0.439,0.7055
1078,Pablo Bruce,November,0.191,0.856,0.5235
1178,Pablo Bruce,December,0.042,0.778,0.41
34,Patrick Kenney,January,0.084,1,0.542
134,Patrick Kenney,February,0.431,0.078,0.2545
234,Patrick Kenney,March,0.859,0.874,0.8665
334,Patrick Kenney,April,0.389,0.828,0.6085
434,Patrick Kenney,May,0.503,0.159,0.331
534,Patrick Kenney,June,0.995,0.993,0.994
634,Patrick Kenney,July,0.54,0.921,0.7305
734,Patrick Kenney,August,0.622,0.533,0.5775
834,Patrick Kenney,September,0.962,0.752,0.857
934,Patrick Kenney,October,0.838,0.031,0.4345
1034,Patrick Kenney,November,0,0.701,0.3505
1134,Patrick Kenney,December,0.965,0.889,0.927
9,Penny Gutierrez,January,0.742,0.193,0.4675
109,Penny Gutierrez,February,0.244,0.703,0.4735
209,Penny Gutierrez,March,0.995,0.908,0.9515
309,Penny Gutierrez,April,0.431,0.767,0.599
409,Penny Gutierrez,May,0.519,0.628,0.5735
509,Penny Gutierrez,June,0.452,0.761,0.6065
609,Penny Gutierrez,July,0.918,0.368,0.643
709,Penny Gutierrez,August,0.414,0.146,0.28
809,Penny Gutierrez,September,0.881,0.693,0.787
909,Penny Gutierrez,October,0.906,0.217,0.5615
1009,Penny Gutierrez,November,0.373,0.538,0.4555
1109,Penny Gutierrez,December,0.908,0.211,0.5595
98,Phyllis Gardner,January,0.567,0.426,0.4965
198,Phyllis Gardner,February,0.43,0.586,0.508
298,Phyllis Gardner,March,0.843,0.168,0.5055
398,Phyllis Gardner,April,0.842,0.146,0.494
498,Phyllis Gardner,May,0.009,0.569,0.289
598,Phyllis Gardner,June,0.309,0.364,0.3365
698,Phyllis Gardner,July,0.911,0.167,0.539
798,Phyllis Gardner,August,0.51,0.825,0.6675
898,Phyllis Gardner,September,0.875,0.569,0.722
998,Phyllis Gardner,October,0.621,0.755,0.688
1098,Phyllis Gardner,November,0.807,0.778,0.7925
1198,Phyllis Gardner,December,0.969,0.332,0.6505
93,Rebekah Winters,January,0.758,0.276,0.517
193,Rebekah Winters,February,0.005,0.159,0.082
293,Rebekah Winters,March,0.974,0.403,0.6885
393,Rebekah Winters,April,0.193,0.144,0.1685
493,Rebekah Winters,May,0.137,0.211,0.174
593,Rebekah Winters,June,0.259,0.364,0.3115
693,Rebekah Winters,July,0.052,0.855,0.4535
793,Rebekah Winters,August,0.304,0.112,0.208
893,Rebekah Winters,September,0.61,0.412,0.511
993,Rebekah Winters,October,0.425,0.445,0.435
1093,Rebekah Winters,November,0.214,0.972,0.593
1193,Rebekah Winters,December,0.508,0.447,0.4775
83,Robert Atkins,January,0.037,0.237,0.137
183,Robert Atkins,February,0.965,0.689,0.827
283,Robert Atkins,March,0.655,0.343,0.499
383,Robert Atkins,April,0.67,0.306,0.488
483,Robert Atkins,May,0.059,0.118,0.0885
583,Robert Atkins,June,0.339,0.723,0.531
683,Robert Atkins,July,0.122,0.547,0.3345
783,Robert Atkins,August,0.555,0.951,0.753
883,Robert Atkins,September,0.195,0.98,0.5875
983,Robert Atkins,October,0.194,0.725,0.4595
1083,Robert Atkins,November,0.729,0.351,0.54
1183,Robert Atkins,December,0.792,0.223,0.5075
55,Rochelle Ingram,January,0.514,0.843,0.6785
155,Rochelle Ingram,February,0.834,0.53,0.682
255,Rochelle Ingram,March,0.5,0.145,0.3225
355,Rochelle Ingram,April,0.83,0.517,0.6735
455,Rochelle Ingram,May,0.787,0.263,0.525
555,Rochelle Ingram,June,0.872,0.454,0.663
655,Rochelle Ingram,July,0.631,0.367,0.499
755,Rochelle Ingram,August,0.09,0.955,0.5225
855,Rochelle Ingram,September,0.303,0.286,0.2945
955,Rochelle Ingram,October,0.293,0.4,0.3465
1055,Rochelle Ingram,November,0.046,0.882,0.464
1155,Rochelle Ingram,December,0.201,0.378,0.2895
100,Rogelio Keller,January,0.566,0.801,0.6835
200,Rogelio Keller,February,0.906,0.707,0.8065
300,Rogelio Keller,March,0.154,0.716,0.435
400,Rogelio Keller,April,0.951,0.235,0.593
500,Rogelio Keller,May,0.232,0.893,0.5625
600,Rogelio Keller,June,0.381,0.9,0.6405
700,Rogelio Keller,July,0.4,0.299,0.3495
800,Rogelio Keller,August,0.273,0.487,0.38
900,Rogelio Keller,September,0.432,0.966,0.699
1000,Rogelio Keller,October,0.491,0.784,0.6375
1100,Rogelio Keller,November,0.808,0.19,0.499
1200,Rogelio Keller,December,0.578,0.399,0.4885
27,Salvatore Munoz,January,0.891,0.894,0.8925
127,Salvatore Munoz,February,0.858,0.094,0.476
227,Salvatore Munoz,March,0.111,0.947,0.529
327,Salvatore Munoz,April,0.309,0.577,0.443
427,Salvatore Munoz,May,0.604,0.183,0.3935
527,Salvatore Munoz,June,0.188,0.859,0.5235
627,Salvatore Munoz,July,0.803,0.154,0.4785
727,Salvatore Munoz,August,0.758,0.399,0.5785
827,Salvatore Munoz,September,0.951,0.321,0.636
927,Salvatore Munoz,October,0.111,0.513,0.312
1027,Salvatore Munoz,November,0.929,0.263,0.596
1127,Salvatore Munoz,December,0.675,0.855,0.765
69,Sandra Hurst,January,0.288,0.202,0.245
169,Sandra Hurst,February,0.707,0.535,0.621
269,Sandra Hurst,March,0.963,0.204,0.5835
369,Sandra Hurst,April,0.923,0.842,0.8825
469,Sandra Hurst,May,0.986,0.515,0.7505
569,Sandra Hurst,June,0.223,0.052,0.1375
669,Sandra Hurst,July,0.496,0.409,0.4525
769,Sandra Hurst,August,0.683,0.984,0.8335
869,Sandra Hurst,September,0.793,0.431,0.612
969,Sandra Hurst,October,0.725,0.636,0.6805
1069,Sandra Hurst,November,0.751,0.362,0.5565
1169,Sandra Hurst,December,0.631,0.858,0.7445
40,Santos Francis,January,0.403,0.622,0.5125
140,Santos Francis,February,0.226,0.965,0.5955
240,Santos Francis,March,0.542,0.671,0.6065
340,Santos Francis,April,0.324,0.227,0.2755
440,Santos Francis,May,0.585,0.092,0.3385
540,Santos Francis,June,0.928,0.168,0.548
640,Santos Francis,July,0.735,0.002,0.3685
740,Santos Francis,August,0.701,0.032,0.3665
840,Santos Francis,September,0.943,0.764,0.8535
940,Santos Francis,October,0.913,0.714,0.8135
1040,Santos Francis,November,0.798,0.693,0.7455
1140,Santos Francis,December,0.954,0.895,0.9245
65,Scott Owens,January,0.776,0.266,0.521
165,Scott Owens,February,0.048,0.953,0.5005
265,Scott Owens,March,0.067,0.9,0.4835
365,Scott Owens,April,0.22,0.649,0.4345
465,Scott Owens,May,0.999,0.263,0.631
565,Scott Owens,June,0.148,0.775,0.4615
665,Scott Owens,July,0.86,0.452,0.656
765,Scott Owens,August,0.533,0.554,0.5435
865,Scott Owens,September,0.902,0.831,0.8665
965,Scott Owens,October,0.616,0.245,0.4305
1065,Scott Owens,November,0.869,0.59,0.7295
1165,Scott Owens,December,0.22,0.947,0.5835
29,Sean Gomez,January,0.934,0.021,0.4775
129,Sean Gomez,February,0.63,0.015,0.3225
229,Sean Gomez,March,0.704,0.76,0.732
329,Sean Gomez,April,0.57,0.986,0.778
429,Sean Gomez,May,0.868,0.025,0.4465
529,Sean Gomez,June,0.046,0.292,0.169
629,Sean Gomez,July,0.345,0.552,0.4485
729,Sean Gomez,August,0.099,0.171,0.135
829,Sean Gomez,September,0.741,0.809,0.775
929,Sean Gomez,October,0.43,0.614,0.522
1029,Sean Gomez,November,0.524,0.876,0.7
1129,Sean Gomez,December,0.634,0.603,0.6185
88,Sharon Morrison,January,0.276,0.979,0.6275
188,Sharon Morrison,February,0.67,0.829,0.7495
288,Sharon Morrison,March,0.7,0.943,0.8215
388,Sharon Morrison,April,0.427,0.362,0.3945
488,Sharon Morrison,May,0.359,0.461,0.41
588,Sharon Morrison,June,0.519,0.866,0.6925
688,Sharon Morrison,July,0.516,0.24,0.378
788,Sharon Morrison,August,0.201,0.437,0.319
888,Sharon Morrison,September,0.781,0.783,0.782
988,Sharon Morrison,October,0.959,0.036,0.4975
1088,Sharon Morrison,November,0.648,0.358,0.503
1188,Sharon Morrison,December,0.991,0.781,0.886
6,Sherrie Chavez,January,0.145,0.419,0.282
106,Sherrie Chavez,February,0.876,0.613,0.7445
206,Sherrie Chavez,March,0.998,0.485,0.7415
306,Sherrie Chavez,April,0.865,0.69,0.7775
406,Sherrie Chavez,May,0.655,0.591,0.623
506,Sherrie Chavez,June,0.794,0.09,0.442
606,Sherrie Chavez,July,0.594,0.895,0.7445
706,Sherrie Chavez,August,0.337,0.402,0.3695
806,Sherrie Chavez,September,0.343,0.027,0.185
906,Sherrie Chavez,October,0.642,0.289,0.4655
1006,Sherrie Chavez,November,0.909,0.992,0.9505
1106,Sherrie Chavez,December,0.987,0.953,0.97
79,Stacy Short,January,0.718,0.082,0.4
179,Stacy Short,February,0.875,0.332,0.6035
279,Stacy Short,March,0.886,0.236,0.561
379,Stacy Short,April,0.822,0.264,0.543
479,Stacy Short,May,0.906,0.938,0.922
579,Stacy Short,June,0.432,0.108,0.27
679,Stacy Short,July,0.77,0.852,0.811
779,Stacy Short,August,0.598,0.367,0.4825
879,Stacy Short,September,0.671,0.351,0.511
979,Stacy Short,October,0.527,0.926,0.7265
1079,Stacy Short,November,0.211,0.449,0.33
1179,Stacy Short,December,0.986,0.72,0.853
62,Tanya Cooper,January,0.12,0.96,0.54
162,Tanya Cooper,February,0.61,0.269,0.4395
262,Tanya Cooper,March,0.3,0.052,0.176
362,Tanya Cooper,April,0.083,0.512,0.2975
462,Tanya Cooper,May,0.009,0.27,0.1395
562,Tanya Cooper,June,0.45,0.987,0.7185
662,Tanya Cooper,July,0.385,0.213,0.299
762,Tanya Cooper,August,0.661,0.418,0.5395
862,Tanya Cooper,September,0.219,0.102,0.1605
962,Tanya Cooper,October,0.701,0.564,0.6325
1062,Tanya Cooper,November,0.519,0.332,0.4255
1162,Tanya Cooper,December,0.418,0.672,0.545
19,Tara Marshall,January,0.882,0.397,0.6395
119,Tara Marshall,February,0.259,0.519,0.389
219,Tara Marshall,March,0.67,0.733,0.7015
319,Tara Marshall,April,0.781,0.706,0.7435
419,Tara Marshall,May,0.273,0.559,0.416
519,Tara Marshall,June,0.372,0.287,0.3295
619,Tara Marshall,July,0.039,0.077,0.058
719,Tara Marshall,August,0.428,0.425,0.4265
819,Tara Marshall,September,0.462,0.863,0.6625
919,Tara Marshall,October,0.093,0.145,0.119
1019,Tara Marshall,November,0.166,0.995,0.5805
1119,Tara Marshall,December,0.408,0.886,0.647
31,Teri Garrison,January,0.23,0.027,0.1285
131,Teri Garrison,February,0.63,0.752,0.691
231,Teri Garrison,March,0.99,0.679,0.8345
331,Teri Garrison,April,0.731,0.66,0.6955
431,Teri Garrison,May,0.31,0.146,0.228
531,Teri Garrison,June,0.598,0.935,0.7665
631,Teri Garrison,July,0.734,0.828,0.781
731,Teri Garrison,August,0.388,0.261,0.3245
831,Teri Garrison,September,0.972,0.09,0.531
931,Teri Garrison,October,0.538,0.553,0.5455
1031,Teri Garrison,November,0.233,0.153,0.193
1131,Teri Garrison,December,0.107,0.113,0.11
11,Terri Kennedy,January,0.822,0.027,0.4245
111,Terri Kennedy,February,0.195,0.195,0.195
211,Terri Kennedy,March,0.107,0.586,0.3465
311,Terri Kennedy,April,0.959,0.536,0.7475
411,Terri Kennedy,May,0.209,0.206,0.2075
511,Terri Kennedy,June,0.52,0.009,0.2645
611,Terri Kennedy,July,0.481,0.124,0.3025
711,Terri Kennedy,August,0.399,0.267,0.333
811,Terri Kennedy,September,0.71,0.106,0.408
911,Terri Kennedy,October,0.976,0.103,0.5395
1011,Terri Kennedy,November,0.607,0.735,0.671
1111,Terri Kennedy,December,0.212,0.682,0.447
8,Toni Hicks,January,0.575,0.07,0.3225
108,Toni Hicks,February,0.677,0.551,0.614
208,Toni Hicks,March,0.069,0.992,0.5305
308,Toni Hicks,April,0.998,0.64,0.819
408,Toni Hicks,May,0.082,0.982,0.532
508,Toni Hicks,June,0.436,0.891,0.6635
608,Toni Hicks,July,0.491,0.284,0.3875
708,Toni Hicks,August,0.286,0.874,0.58
808,Toni Hicks,September,0.185,0.914,0.5495
908,Toni Hicks,October,0.344,0.865,0.6045
1008,Toni Hicks,November,0.006,0.527,0.2665
1108,Toni Hicks,December,0.376,0.63,0.503
5,Trevor Hall,January,0.15,0.528,0.339
105,Trevor Hall,February,0.667,0.584,0.6255
205,Trevor Hall,March,0.714,0.099,0.4065
305,Trevor Hall,April,0.41,0.725,0.5675
405,Trevor Hall,May,0.323,0.012,0.1675
505,Trevor Hall,June,0.636,0.961,0.7985
605,Trevor Hall,July,0.32,0.685,0.5025
705,Trevor Hall,August,0.06,0.105,0.0825
805,Trevor Hall,September,0.714,0.37,0.542
905,Trevor Hall,October,0.223,0.631,0.427
1005,Trevor Hall,November,0.007,0.044,0.0255
1105,Trevor Hall,December,0.025,0.475,0.25
91,Verna Crowley,January,0.722,0.666,0.694
191,Verna Crowley,February,0.129,0.493,0.311
291,Verna Crowley,March,0.968,0.682,0.825
391,Verna Crowley,April,0.04,0.225,0.1325
491,Verna Crowley,May,0.131,0.468,0.2995
591,Verna Crowley,June,0.826,0.609,0.7175
691,Verna Crowley,July,0.794,0.969,0.8815
791,Verna Crowley,August,0.21,0.622,0.416
891,Verna Crowley,September,0.498,0.027,0.2625
991,Verna Crowley,October,0.294,0.854,0.574
1091,Verna Crowley,November,0.408,0.976,0.692
1191,Verna Crowley,December,0.296,0.761,0.5285
68,Victoria Costello,January,0.778,0.605,0.6915
168,Victoria Costello,February,0.613,0.287,0.45
268,Victoria Costello,March,0.673,0.986,0.8295
368,Victoria Costello,April,0.459,0.042,0.2505
468,Victoria Costello,May,0.021,0.109,0.065
568,Victoria Costello,June,0.488,0.787,0.6375
668,Victoria Costello,July,0.892,0.451,0.6715
768,Victoria Costello,August,0.067,0.83,0.4485
868,Victoria Costello,September,0.046,0.277,0.1615
968,Victoria Costello,October,0.307,0.325,0.316
1068,Victoria Costello,November,0.711,0.891,0.801
1168,Victoria Costello,December,0.021,0.969,0.495
12,Violet Massey,January,0.11,0.512,0.311
112,Violet Massey,February,0.394,0.68,0.537
212,Violet Massey,March,0.878,0.05,0.464
312,Violet Massey,April,0.984,0.173,0.5785
412,Violet Massey,May,0.796,0.114,0.455
512,Violet Massey,June,0.574,0.897,0.7355
612,Violet Massey,July,0.54,0.164,0.352
712,Violet Massey,August,0.528,0.382,0.455
812,Violet Massey,September,0.719,0.674,0.6965
912,Violet Massey,October,0.163,0.092,0.1275
1012,Violet Massey,November,0.29,0.032,0.161
1112,Violet Massey,December,0.236,0.348,0.292
